{"chunk_definitions":[{"row":11,"row_count":1,"visible":true,"expansion_state":0,"options":{"engine":"r","label":"unnamed-chunk-21","dev":"png"},"document_id":"5C0C85A3","chunk_id":"crs6zy5jvubcy","chunk_label":"unnamed-chunk-1"},{"row":18,"row_count":1,"visible":true,"expansion_state":0,"options":{"engine":"r","label":"unnamed-chunk-22","dev":"png"},"document_id":"5C0C85A3","chunk_id":"c63001y01uvjs","chunk_label":"unnamed-chunk-2"},{"row":33,"row_count":1,"visible":true,"expansion_state":0,"options":{"engine":"r","label":"unnamed-chunk-23","dev":"png"},"document_id":"5C0C85A3","chunk_id":"cvw8bpu445re2","chunk_label":"unnamed-chunk-3"},{"row":43,"row_count":1,"visible":true,"expansion_state":0,"options":{"engine":"r","label":"unnamed-chunk-24","dev":"png"},"document_id":"5C0C85A3","chunk_id":"cv61wp105n6u2","chunk_label":"unnamed-chunk-4"},{"row":52,"row_count":1,"visible":true,"expansion_state":0,"options":{"engine":"r","label":"unnamed-chunk-25","dev":"png"},"document_id":"5C0C85A3","chunk_id":"c2g2q8isz0jzm","chunk_label":"unnamed-chunk-5"},{"row":64,"row_count":1,"visible":true,"expansion_state":0,"options":{"engine":"r","label":"unnamed-chunk-26","dev":"png"},"document_id":"5C0C85A3","chunk_id":"c92ty5jnocf70","chunk_label":"unnamed-chunk-6"},{"row":73,"row_count":1,"visible":true,"expansion_state":0,"options":{"engine":"r","label":"unnamed-chunk-27","dev":"png"},"document_id":"5C0C85A3","chunk_id":"cjyyzg9gxlm6a","chunk_label":"unnamed-chunk-7"},{"row":103,"row_count":1,"visible":true,"expansion_state":0,"options":{"engine":"r","label":"unnamed-chunk-29","dev":"png"},"document_id":"5C0C85A3","chunk_id":"c68kcl6f0oh91","chunk_label":"unnamed-chunk-8"},{"row":112,"row_count":1,"visible":true,"expansion_state":0,"options":{"engine":"r","label":"unnamed-chunk-30","dev":"png"},"document_id":"5C0C85A3","chunk_id":"cvqz228p5he7t","chunk_label":"unnamed-chunk-9"}],"doc_write_time":1743724752,"chunk_rendered_width":678}